{
  "best_k": 2,
  "cluster_feature_columns": [
    "log_Q",
    "log_Q_over_V",
    "log_participation_rate",
    "log_vt_over_v",
    "log_duration_seconds",
    "log_n_child",
    "asinh_daily_vol",
    "schedule_front25_share",
    "schedule_front50_share",
    "schedule_back25_share",
    "schedule_center_of_mass",
    "schedule_hhi",
    "schedule_twap_l1_distance",
    "abs_impact_end",
    "abs_impact_1m",
    "abs_impact_10m",
    "abs_impact_30m",
    "abs_impact_60m",
    "log1p_retention_30_over_end",
    "log1p_retention_60_over_end",
    "peak_abs_partial_impact",
    "log1p_overshoot_peak_over_end"
  ],
  "k_values": [
    2,
    3,
    4,
    5,
    6,
    7,
    8
  ],
  "pca_explained_variance_ratio": [
    0.3212973452846034,
    0.15954005508195515,
    0.10703943946491636,
    0.08576920889580755,
    0.06918071262480151,
    0.052409914232920136,
    0.038403916466894034,
    0.03006258365329907,
    0.023566565970829602,
    0.022218683234319327
  ],
  "pca_n_components": 10,
  "pca_variance_threshold": 0.9,
  "rows_loaded": 843869,
  "rows_valid_for_clustering": 797428,
  "silhouette_sample_size_effective": 50000
}